{
	"id" : 57,
	"key" : "phongos",
	"ai" : 49,
	"name" : "Phongos",
	"hp" : 135,
	"body_damage" : 80,
	"height" : 0,
	"speed" : 40,
	"friction" : 40,
	"knockback_immune" : 0,
	"boss" : 0,
	"collides" : 1,
	"flips" : 1,
	"flying" : 0,
	"sprite_idle" : "sprNPCPhongosIdle",
	"sprite_run" : "sprNPCPhongosWalk",
	"sprite_item_idle" : "sprNPCPhongosAttack",
	"sprite_item_walk" : "sprNPCPhongosAttack",
	"sprite_hand" : null,
	"sprite_gore" : "sprNPCPhongosGore",
	"loot" : "[[212,1,1,3,\"db_item\"],[644,1,1,2,\"db_item\"],[197,0.01,1,1,\"db_item_pool\"],[174,1,3,4,\"db_item\"],[173,1,40,80,\"db_item\"],[668,0.01,1,1,\"db_item\"]]",
	"spawn_day" : null,
	"spawn_night" : null,
	"is_spider" : 0,
	"sprite_leg_1" : null,
	"sprite_leg_2" : null,
	"sprite_leg_joint" : null,
	"sound_step" : null,
	"sound_hit" : 142,
	"sound_death" : 36,
	"sound_attack_1" : null,
	"sound_attack_2" : null,
	"sound_attack_3" : null,
	"sound_attack_4" : null,
	"does_step_sound" : null,
	"mask_sprite" : "sprNPCPhongosMask",
	"uses_weapon" : null,
	"attack_range" : null,
	"sprite_attack" : "sprNPCPhongosAttack",
	"sprite_attack_walk" : "sprNPCPhongosAttack",
	"light_radius" : 0,
	"ai_mod_1" : null,
	"ai_mod_2" : null,
	"ai_mod_3" : null,
	"buffs" : null,
	"water_penalty" : 1,
	"sprite_extra_1" : null,
	"sprite_extra_2" : null,
	"sprite_extra_3" : null,
	"sprite_extra_4" : null,
	"damage" : 80,
	"custom_eye_candy_script" : null,
	"defense" : 3,
	"gd_points" : 15,
	"sprite_shadow" : "sprEntityShadowMedium",
	"light_color" : 0,
	"light_offset_x" : 0,
	"light_offset_y" : 0,
	"enraged_ai_script" : null,
	"enrages_at" : 0,
	"is_segmented" : null,
	"worm_segments" : null,
	"worm_segments_distance" : null,
	"worm_segments_armor" : null,
	"lock_position" : null,
	"lock_ik_sprite" : null,
	"lock_distance" : 0,
	"knockback" : 1,
	"cs_onmobdeath" : "null",
	"spider_segments" : null,
	"object" : "objMob",
	"cs_onmobupdate" : "null",
	"can_be_damaged" : 1,
	"cs_onmobdraw" : "null",
	"weapons" : null,
	"shadow_data" : "3|31|15|37|4",
	"cast_shadow" : 1,
	"codex_unlockable" : 1,
	"codex_kills_required" : 50,
	"icon" : "sprNPCPhongosIcon",
	"soul_loot" : "[[1557,1,1,1,\"db_item\"]]",
	"can_jump_over_everything" : 0,
	"miniboss" : 0,
	"does_water_sound" : 1,
	"is_critter" : 0,
	"shadow_x_offset" : 0,
	"targeted_by_summons" : 1,
	"loot_hard_difficulty" : null,
	"cs_onmobspawn" : "null",
}