{
	"id" : 99,
	"key" : "pufferfish",
	"ai" : 98,
	"name" : "Pufferfish",
	"hp" : 1000,
	"body_damage" : 150,
	"height" : 0,
	"speed" : 50,
	"friction" : 100,
	"knockback_immune" : 0,
	"boss" : 0,
	"collides" : 1,
	"flips" : 1,
	"flying" : 0,
	"sprite_idle" : "sprNPCPufferfishIdle",
	"sprite_run" : "sprNPCPufferfishIdle",
	"sprite_item_idle" : null,
	"sprite_item_walk" : null,
	"sprite_hand" : null,
	"sprite_gore" : "sprNPCPufferfishGore",
	"loot" : "[[402,1,1,2,\"db_item\"],[197,0.01,1,1,\"db_item_pool\"],[174,1,3,3,\"db_item\"],[173,1,1,100,\"db_item\"],[430,0.01,1,1,\"db_item\"]]",
	"spawn_day" : null,
	"spawn_night" : null,
	"is_spider" : 0,
	"sprite_leg_1" : null,
	"sprite_leg_2" : null,
	"sprite_leg_joint" : null,
	"sound_step" : null,
	"sound_hit" : 214,
	"sound_death" : 36,
	"sound_attack_1" : null,
	"sound_attack_2" : null,
	"sound_attack_3" : null,
	"sound_attack_4" : null,
	"does_step_sound" : null,
	"mask_sprite" : "sprNPCPufferfishMask",
	"uses_weapon" : null,
	"attack_range" : null,
	"sprite_attack" : "sprNPCPufferfishAttack",
	"sprite_attack_walk" : "sprNPCPufferfishAttack",
	"light_radius" : 0,
	"ai_mod_1" : null,
	"ai_mod_2" : null,
	"ai_mod_3" : null,
	"buffs" : [[35]],
	"water_penalty" : 1,
	"sprite_extra_1" : null,
	"sprite_extra_2" : null,
	"sprite_extra_3" : null,
	"sprite_extra_4" : null,
	"damage" : 150,
	"custom_eye_candy_script" : null,
	"defense" : 7,
	"gd_points" : 4,
	"sprite_shadow" : "sprEntityShadowMedium",
	"light_color" : 0,
	"light_offset_x" : 0,
	"light_offset_y" : 0,
	"enraged_ai_script" : null,
	"enrages_at" : 0,
	"is_segmented" : 0,
	"worm_segments" : null,
	"worm_segments_distance" : null,
	"worm_segments_armor" : null,
	"lock_position" : null,
	"lock_ik_sprite" : null,
	"lock_distance" : 0,
	"knockback" : 1,
	"cs_onmobdeath" : "null",
	"spider_segments" : null,
	"object" : "objMob",
	"cs_onmobupdate" : "null",
	"can_be_damaged" : 1,
	"cs_onmobdraw" : "null",
	"weapons" : null,
	"shadow_data" : "2|22|26|33|1",
	"cast_shadow" : 1,
	"codex_unlockable" : 1,
	"codex_kills_required" : 50,
	"icon" : "sprNPCPufferfishIcon",
	"soul_loot" : "[[1559,1,1,1,\"db_item\"]]",
	"can_jump_over_everything" : 0,
	"miniboss" : 0,
	"does_water_sound" : 0,
	"is_critter" : 0,
	"shadow_x_offset" : 3,
	"targeted_by_summons" : 1,
	"loot_hard_difficulty" : null,
	"cs_onmobspawn" : "null",
}