{
	"id" : 100,
	"key" : "jellyfish",
	"ai" : 100,
	"name" : "Jellyfish",
	"hp" : 1200,
	"body_damage" : 140,
	"height" : 0,
	"speed" : 50,
	"friction" : 5,
	"knockback_immune" : 1,
	"boss" : 0,
	"collides" : 1,
	"flips" : 0,
	"flying" : 0,
	"sprite_idle" : "sprNPCJellyfishIdle01",
	"sprite_run" : "sprNPCJellyfishIdle02",
	"sprite_item_idle" : null,
	"sprite_item_walk" : null,
	"sprite_hand" : null,
	"sprite_gore" : "sprNPCJellyfishGore",
	"loot" : "[[404,1,1,2,\"db_item\"],[405,0.01,1,1,\"db_item\"],[197,0.01,1,1,\"db_item_pool\"],[174,1,6,6,\"db_item\"],[173,1,59,100,\"db_item\"],[173,1,1,60,\"db_item\"],[1205,0.01,1,1,\"db_item\"]]",
	"spawn_day" : null,
	"spawn_night" : null,
	"is_spider" : 0,
	"sprite_leg_1" : null,
	"sprite_leg_2" : null,
	"sprite_leg_joint" : null,
	"sound_step" : null,
	"sound_hit" : 208,
	"sound_death" : 36,
	"sound_attack_1" : null,
	"sound_attack_2" : null,
	"sound_attack_3" : null,
	"sound_attack_4" : null,
	"does_step_sound" : null,
	"mask_sprite" : "sprNPCJellyfishMask",
	"uses_weapon" : null,
	"attack_range" : null,
	"sprite_attack" : "sprNPCJellyfishAttack",
	"sprite_attack_walk" : "sprNPCJellyfishAttack",
	"light_radius" : 1,
	"ai_mod_1" : null,
	"ai_mod_2" : null,
	"ai_mod_3" : null,
	"buffs" : [[35]],
	"water_penalty" : 1,
	"sprite_extra_1" : "sprNPCJellyfishIdle01",
	"sprite_extra_2" : "sprNPCJellyfishIdle02",
	"sprite_extra_3" : null,
	"sprite_extra_4" : null,
	"damage" : 140,
	"custom_eye_candy_script" : null,
	"defense" : 15,
	"gd_points" : 4,
	"sprite_shadow" : "sprEntityShadowMedium",
	"light_color" : 16743936,
	"light_offset_x" : 0,
	"light_offset_y" : -6,
	"enraged_ai_script" : null,
	"enrages_at" : 0,
	"is_segmented" : 0,
	"worm_segments" : null,
	"worm_segments_distance" : null,
	"worm_segments_armor" : null,
	"lock_position" : null,
	"lock_ik_sprite" : null,
	"lock_distance" : 0,
	"knockback" : 1,
	"cs_onmobdeath" : "null",
	"spider_segments" : null,
	"object" : "objMob",
	"cs_onmobupdate" : "cs_eyecandy_firefly",
	"can_be_damaged" : 1,
	"cs_onmobdraw" : "null",
	"weapons" : null,
	"shadow_data" : "-1|21|15|29|0",
	"cast_shadow" : 1,
	"codex_unlockable" : 1,
	"codex_kills_required" : 50,
	"icon" : "sprNPCJellyfishIcon",
	"soul_loot" : "[[1542,1,1,1,\"db_item\"]]",
	"can_jump_over_everything" : 0,
	"miniboss" : 0,
	"does_water_sound" : 0,
	"is_critter" : 0,
	"shadow_x_offset" : 0,
	"targeted_by_summons" : 1,
	"loot_hard_difficulty" : null,
	"cs_onmobspawn" : "null",
}