{
	"id" : 170,
	"key" : "mage_yellow",
	"ai" : 186,
	"name" : "Yellow Mage",
	"hp" : 750,
	"body_damage" : 145,
	"height" : -3,
	"speed" : 70,
	"friction" : 20,
	"knockback_immune" : 0,
	"boss" : 0,
	"collides" : 0,
	"flips" : 1,
	"flying" : 1,
	"sprite_idle" : "sprNPCYellowMageIdle",
	"sprite_run" : "sprNPCYellowMageIdle",
	"sprite_item_idle" : null,
	"sprite_item_walk" : null,
	"sprite_hand" : null,
	"sprite_gore" : "sprNPCYellowMageGore",
	"loot" : "[[1139,1,1,2,\"db_item\"],[197,0.01,1,1,\"db_item_pool\"],[174,1,6,7,\"db_item\"],[173,1,59,100,\"db_item\"],[173,1,1,20,\"db_item\"],[1215,0.01,1,1,\"db_item\"],[508,0.01,1,1,\"db_recipe\"]]",
	"spawn_day" : null,
	"spawn_night" : 1,
	"is_spider" : 0,
	"sprite_leg_1" : null,
	"sprite_leg_2" : null,
	"sprite_leg_joint" : null,
	"sound_step" : null,
	"sound_hit" : 194,
	"sound_death" : 36,
	"sound_attack_1" : null,
	"sound_attack_2" : null,
	"sound_attack_3" : null,
	"sound_attack_4" : null,
	"does_step_sound" : 0,
	"mask_sprite" : "sprNPCMageMask",
	"uses_weapon" : null,
	"attack_range" : null,
	"sprite_attack" : "sprNPCYellowMageAttack",
	"sprite_attack_walk" : "sprNPCYellowMageIdle",
	"light_radius" : 0.25,
	"ai_mod_1" : null,
	"ai_mod_2" : null,
	"ai_mod_3" : null,
	"buffs" : [[35]],
	"water_penalty" : 0.10,
	"sprite_extra_1" : "sprNPCYellowMageIdle",
	"sprite_extra_2" : "sprNPCYellowMageIdle",
	"sprite_extra_3" : null,
	"sprite_extra_4" : null,
	"damage" : 145,
	"custom_eye_candy_script" : null,
	"defense" : 10,
	"gd_points" : 7,
	"sprite_shadow" : "sprEntityShadowMedium",
	"light_color" : 131049,
	"light_offset_x" : 0,
	"light_offset_y" : 0,
	"enraged_ai_script" : null,
	"enrages_at" : 0,
	"is_segmented" : 0,
	"worm_segments" : null,
	"worm_segments_distance" : null,
	"worm_segments_armor" : null,
	"lock_position" : null,
	"lock_ik_sprite" : null,
	"lock_distance" : 0,
	"knockback" : 1,
	"cs_onmobdeath" : "null",
	"spider_segments" : null,
	"object" : "objMob",
	"cs_onmobupdate" : "null",
	"can_be_damaged" : 1,
	"cs_onmobdraw" : "null",
	"weapons" : null,
	"shadow_data" : "2|26|21|34|0",
	"cast_shadow" : 1,
	"codex_unlockable" : 1,
	"codex_kills_required" : 50,
	"icon" : "sprNPCYellowMageIcon",
	"soul_loot" : "[[1589,1,1,1,\"db_item\"]]",
	"can_jump_over_everything" : 0,
	"miniboss" : 0,
	"does_water_sound" : 0,
	"is_critter" : 0,
	"shadow_x_offset" : 0,
	"targeted_by_summons" : 1,
	"loot_hard_difficulty" : null,
	"cs_onmobspawn" : "null",
}