{
	"id" : 93,
	"key" : "ghoul_legs",
	"ai" : 96,
	"name" : "Ghoul",
	"hp" : 250,
	"body_damage" : 110,
	"height" : 0,
	"speed" : 75,
	"friction" : 25,
	"knockback_immune" : 0,
	"boss" : 0,
	"collides" : 1,
	"flips" : 1,
	"flying" : 0,
	"sprite_idle" : "sprNPCGhoulFloorIdle",
	"sprite_run" : "sprNPCGhoulFloorWalk",
	"sprite_item_idle" : null,
	"sprite_item_walk" : null,
	"sprite_hand" : null,
	"sprite_gore" : "sprNPCGhoulGore",
	"loot" : "[[373,1,1,2,\"db_item\"],[197,0.01,1,1,\"db_item_pool\"],[174,1,5,6,\"db_item\"],[173,1,1,20,\"db_item\"],[1190,0.01,1,1,\"db_item\"],[360,0.01,1,1,\"db_item\"]]",
	"spawn_day" : null,
	"spawn_night" : 1,
	"is_spider" : 0,
	"sprite_leg_1" : null,
	"sprite_leg_2" : null,
	"sprite_leg_joint" : null,
	"sound_step" : null,
	"sound_hit" : 194,
	"sound_death" : 36,
	"sound_attack_1" : null,
	"sound_attack_2" : null,
	"sound_attack_3" : null,
	"sound_attack_4" : null,
	"does_step_sound" : 0,
	"mask_sprite" : "sprNPCGhoulMask",
	"uses_weapon" : null,
	"attack_range" : null,
	"sprite_attack" : null,
	"sprite_attack_walk" : null,
	"light_radius" : 0,
	"ai_mod_1" : null,
	"ai_mod_2" : null,
	"ai_mod_3" : null,
	"buffs" : null,
	"water_penalty" : 1,
	"sprite_extra_1" : "sprNPCGhoulFloorIdle",
	"sprite_extra_2" : "sprNPCGhoulFloorWalk",
	"sprite_extra_3" : null,
	"sprite_extra_4" : null,
	"damage" : 110,
	"custom_eye_candy_script" : null,
	"defense" : 7,
	"gd_points" : 4,
	"sprite_shadow" : "sprEntityShadowMedium",
	"light_color" : 0,
	"light_offset_x" : 0,
	"light_offset_y" : 0,
	"enraged_ai_script" : null,
	"enrages_at" : 0,
	"is_segmented" : 0,
	"worm_segments" : null,
	"worm_segments_distance" : null,
	"worm_segments_armor" : null,
	"lock_position" : null,
	"lock_ik_sprite" : null,
	"lock_distance" : 0,
	"knockback" : 1,
	"cs_onmobdeath" : "null",
	"spider_segments" : null,
	"object" : "objMob",
	"cs_onmobupdate" : "null",
	"can_be_damaged" : 1,
	"cs_onmobdraw" : "null",
	"weapons" : null,
	"shadow_data" : "0|6|16|14|2",
	"cast_shadow" : 1,
	"codex_unlockable" : 1,
	"codex_kills_required" : 50,
	"icon" : "sprNPCGhoulIcon",
	"soul_loot" : "[[1535,1,1,1,\"db_item\"]]",
	"can_jump_over_everything" : 0,
	"miniboss" : 0,
	"does_water_sound" : 1,
	"is_critter" : 0,
	"shadow_x_offset" : 2,
	"targeted_by_summons" : 1,
	"loot_hard_difficulty" : null,
	"cs_onmobspawn" : "null",
}