{
	"id" : 178,
	"key" : "boss_tricroma_red",
	"ai" : 183,
	"name" : "Red Trichroma Ghost",
	"hp" : 10000,
	"body_damage" : 155,
	"height" : 0,
	"speed" : 55,
	"friction" : 100,
	"knockback_immune" : 1,
	"boss" : 0,
	"collides" : 0,
	"flips" : 1,
	"flying" : 1,
	"sprite_idle" : "sprBossTricolorGhostRedIdle",
	"sprite_run" : null,
	"sprite_item_idle" : null,
	"sprite_item_walk" : null,
	"sprite_hand" : null,
	"sprite_gore" : "sprBossTricolorGhostRedGore",
	"loot" : "[[1232,1,1,1,\"db_item\"],[197,0.01,1,1,\"db_item_pool\"],[1214,0.05,1,1,\"db_item\"],[553,0.05,1,1,\"db_recipe\"]]",
	"spawn_day" : null,
	"spawn_night" : null,
	"is_spider" : 0,
	"sprite_leg_1" : null,
	"sprite_leg_2" : null,
	"sprite_leg_joint" : null,
	"sound_step" : null,
	"sound_hit" : null,
	"sound_death" : null,
	"sound_attack_1" : null,
	"sound_attack_2" : null,
	"sound_attack_3" : null,
	"sound_attack_4" : null,
	"does_step_sound" : null,
	"mask_sprite" : "sprBossTricolorGhostMask",
	"uses_weapon" : null,
	"attack_range" : null,
	"sprite_attack" : "sprBossTricolorGhostRedCast",
	"sprite_attack_walk" : null,
	"light_radius" : 2,
	"ai_mod_1" : null,
	"ai_mod_2" : null,
	"ai_mod_3" : null,
	"buffs" : [[170],[35]],
	"water_penalty" : 0.10,
	"sprite_extra_1" : "sprBossTricolorGhostRedExtra",
	"sprite_extra_2" : null,
	"sprite_extra_3" : null,
	"sprite_extra_4" : null,
	"damage" : 155,
	"custom_eye_candy_script" : null,
	"defense" : 15,
	"gd_points" : 0,
	"sprite_shadow" : "sprEntityShadowMedium",
	"light_color" : 255,
	"light_offset_x" : 0,
	"light_offset_y" : 0,
	"enraged_ai_script" : null,
	"enrages_at" : 0,
	"is_segmented" : 0,
	"worm_segments" : null,
	"worm_segments_distance" : null,
	"worm_segments_armor" : null,
	"lock_position" : null,
	"lock_ik_sprite" : null,
	"lock_distance" : 0,
	"knockback" : 2,
	"cs_onmobdeath" : "null",
	"spider_segments" : null,
	"object" : "objMob",
	"cs_onmobupdate" : "null",
	"can_be_damaged" : 1,
	"cs_onmobdraw" : "null",
	"weapons" : null,
	"shadow_data" : "12|41|38|52|1",
	"cast_shadow" : 1,
	"codex_unlockable" : 1,
	"codex_kills_required" : 3,
	"icon" : "sprBossTricolorGhostRedIcon",
	"soul_loot" : null,
	"can_jump_over_everything" : 0,
	"miniboss" : 1,
	"does_water_sound" : 0,
	"is_critter" : 0,
	"shadow_x_offset" : 0,
	"targeted_by_summons" : 1,
	"loot_hard_difficulty" : null,
	"cs_onmobspawn" : "null",
}