{
	"id" : 98,
	"key" : "swordfish",
	"ai" : 97,
	"name" : "K_MOB_NAME_65",
	"hp" : 950,
	"body_damage" : 170,
	"height" : 0,
	"speed" : 80,
	"friction" : 50,
	"knockback_immune" : 0,
	"boss" : 0,
	"collides" : 1,
	"flips" : 1,
	"flying" : 0,
	"sprite_idle" : "sprNPCSwordfishIdle",
	"sprite_run" : "sprNPCSwordfishIdle",
	"sprite_item_idle" : null,
	"sprite_item_walk" : null,
	"sprite_hand" : null,
	"sprite_gore" : "sprNPCSwordfishGore",
	"loot" : "[[402,1,1,2,\"db_item\"],[392,0.01,1,1,\"db_item\"],[197,0.01,1,1,\"db_item_pool\"],[174,1,6,6,\"db_item\"],[173,1,79,100,\"db_item\"],[173,1,1,100,\"db_item\"],[373,0.01,1,1,\"db_recipe\"]]",
	"spawn_day" : null,
	"spawn_night" : null,
	"is_spider" : 0,
	"sprite_leg_1" : null,
	"sprite_leg_2" : null,
	"sprite_leg_joint" : null,
	"sound_step" : null,
	"sound_hit" : 217,
	"sound_death" : 36,
	"sound_attack_1" : null,
	"sound_attack_2" : null,
	"sound_attack_3" : null,
	"sound_attack_4" : null,
	"does_step_sound" : null,
	"mask_sprite" : "sprNPCSwordfishMask",
	"uses_weapon" : null,
	"attack_range" : null,
	"sprite_attack" : "sprNPCSwordfishAttack01",
	"sprite_attack_walk" : "sprNPCSwordfishAttack01",
	"light_radius" : 0,
	"ai_mod_1" : null,
	"ai_mod_2" : null,
	"ai_mod_3" : null,
	"buffs" : [[35]],
	"water_penalty" : 1,
	"sprite_extra_1" : "sprNPCSwordfishAttack01",
	"sprite_extra_2" : "sprNPCSwordfishAttack02",
	"sprite_extra_3" : "sprNPCSwordfishExtra",
	"sprite_extra_4" : null,
	"damage" : 170,
	"custom_eye_candy_script" : null,
	"defense" : 15,
	"gd_points" : 4,
	"sprite_shadow" : "sprEntityShadowMedium",
	"light_color" : 0,
	"light_offset_x" : 0,
	"light_offset_y" : 0,
	"enraged_ai_script" : null,
	"enrages_at" : 0,
	"is_segmented" : 0,
	"worm_segments" : null,
	"worm_segments_distance" : null,
	"worm_segments_armor" : null,
	"lock_position" : null,
	"lock_ik_sprite" : null,
	"lock_distance" : 0,
	"knockback" : 1,
	"cs_onmobdeath" : "null",
	"spider_segments" : null,
	"object" : "objMob",
	"cs_onmobupdate" : "null",
	"can_be_damaged" : 1,
	"cs_onmobdraw" : "null",
	"weapons" : null,
	"shadow_data" : "1|16|30|24|0",
	"cast_shadow" : 1,
	"codex_unlockable" : 1,
	"codex_kills_required" : 50,
	"icon" : "sprNPCSwordfishIcon",
	"soul_loot" : "[[1576,1,1,1,\"db_item\"]]",
	"can_jump_over_everything" : 0,
	"miniboss" : 0,
	"does_water_sound" : 0,
	"is_critter" : 0,
	"shadow_x_offset" : 0,
	"targeted_by_summons" : 1,
	"loot_hard_difficulty" : null,
	"cs_onmobspawn" : "null",
}