{
	"id" : 77,
	"key" : "phoneutria",
	"ai" : 78,
	"name" : "Phoneutria",
	"hp" : 225,
	"body_damage" : 105,
	"height" : 0,
	"speed" : 80,
	"friction" : 50,
	"knockback_immune" : 1,
	"boss" : 0,
	"collides" : 1,
	"flips" : 1,
	"flying" : 0,
	"sprite_idle" : "sprNPCPhoneutriaIdle",
	"sprite_run" : "sprNPCPhoneutriaWalk",
	"sprite_item_idle" : null,
	"sprite_item_walk" : null,
	"sprite_hand" : null,
	"sprite_gore" : "sprNPCPhoneutriaGore",
	"loot" : "[[57,1,2,4,\"db_item\"],[197,0.01,1,1,\"db_item_pool\"],[174,1,4,4,\"db_item\"],[173,1,59,100,\"db_item\"],[173,1,1,60,\"db_item\"],[295,0.01,1,1,\"db_item\"]]",
	"spawn_day" : 1,
	"spawn_night" : 1,
	"is_spider" : 0,
	"sprite_leg_1" : null,
	"sprite_leg_2" : null,
	"sprite_leg_joint" : null,
	"sound_step" : null,
	"sound_hit" : 171,
	"sound_death" : 36,
	"sound_attack_1" : null,
	"sound_attack_2" : null,
	"sound_attack_3" : null,
	"sound_attack_4" : null,
	"does_step_sound" : null,
	"mask_sprite" : "sprNPCPhoneutriaMask",
	"uses_weapon" : null,
	"attack_range" : 0,
	"sprite_attack" : "sprNPCPhoneutriaAttack",
	"sprite_attack_walk" : "sprNPCPhoneutriaAttack2",
	"light_radius" : 0,
	"ai_mod_1" : null,
	"ai_mod_2" : null,
	"ai_mod_3" : null,
	"buffs" : null,
	"water_penalty" : 0,
	"sprite_extra_1" : "sprNPCPhoneutriaAttack2",
	"sprite_extra_2" : null,
	"sprite_extra_3" : null,
	"sprite_extra_4" : null,
	"damage" : 105,
	"custom_eye_candy_script" : null,
	"defense" : 5,
	"gd_points" : 3,
	"sprite_shadow" : "sprEntityShadowMedium",
	"light_color" : 0,
	"light_offset_x" : 0,
	"light_offset_y" : 0,
	"enraged_ai_script" : null,
	"enrages_at" : 0,
	"is_segmented" : null,
	"worm_segments" : null,
	"worm_segments_distance" : null,
	"worm_segments_armor" : null,
	"lock_position" : null,
	"lock_ik_sprite" : null,
	"lock_distance" : 0,
	"knockback" : 1,
	"cs_onmobdeath" : "null",
	"spider_segments" : null,
	"object" : "objMob",
	"cs_onmobupdate" : "null",
	"can_be_damaged" : 1,
	"cs_onmobdraw" : "null",
	"weapons" : null,
	"shadow_data" : "0|9|25|17|0",
	"cast_shadow" : 1,
	"codex_unlockable" : 1,
	"codex_kills_required" : 25,
	"icon" : "sprNPCPhoneutriaIcon",
	"soul_loot" : "[[1556,1,1,1,\"db_item\"]]",
	"can_jump_over_everything" : 0,
	"miniboss" : 0,
	"does_water_sound" : 1,
	"is_critter" : 0,
	"shadow_x_offset" : 1,
	"targeted_by_summons" : 1,
	"loot_hard_difficulty" : null,
	"cs_onmobspawn" : "null",
}