{
	"id" : 41,
	"key" : "fluffy_snow",
	"ai" : 31,
	"name" : "K_MOB_NAME_22",
	"hp" : 70,
	"body_damage" : 50,
	"height" : 0,
	"speed" : 90,
	"friction" : 40,
	"knockback_immune" : 0,
	"boss" : 0,
	"collides" : 1,
	"flips" : 1,
	"flying" : 0,
	"sprite_idle" : "sprNPCFlufflySnowRatIdle",
	"sprite_run" : "sprNPCFlufflySnowRatWalk",
	"sprite_item_idle" : "sprNPCFlufflySnowRatIdle",
	"sprite_item_walk" : "sprNPCFlufflySnowRatIdle",
	"sprite_hand" : "sprNPCFlufflySnowRatIdle",
	"sprite_gore" : "sprNPCFlufflySnowRatGore",
	"loot" : "[[108,1,1,3,\"db_item_pool\"],[192,1,2,3,\"db_item\"],[197,0.01,1,1,\"db_item_pool\"],[174,1,1,1,\"db_item\"],[173,1,50,80,\"db_item\"],[155,0.01,1,1,\"db_item\"]]",
	"spawn_day" : null,
	"spawn_night" : 1,
	"is_spider" : 0,
	"sprite_leg_1" : null,
	"sprite_leg_2" : null,
	"sprite_leg_joint" : null,
	"sound_step" : null,
	"sound_hit" : null,
	"sound_death" : 36,
	"sound_attack_1" : null,
	"sound_attack_2" : null,
	"sound_attack_3" : null,
	"sound_attack_4" : null,
	"does_step_sound" : 0,
	"mask_sprite" : "sprNPCFlufflySnowRatMask",
	"uses_weapon" : null,
	"attack_range" : null,
	"sprite_attack" : null,
	"sprite_attack_walk" : null,
	"light_radius" : 0,
	"ai_mod_1" : null,
	"ai_mod_2" : null,
	"ai_mod_3" : null,
	"buffs" : null,
	"water_penalty" : 1,
	"sprite_extra_1" : null,
	"sprite_extra_2" : null,
	"sprite_extra_3" : null,
	"sprite_extra_4" : null,
	"damage" : 50,
	"custom_eye_candy_script" : null,
	"defense" : 2,
	"gd_points" : 12,
	"sprite_shadow" : "sprEntityShadowMedium",
	"light_color" : 0,
	"light_offset_x" : 0,
	"light_offset_y" : 0,
	"enraged_ai_script" : null,
	"enrages_at" : 0,
	"is_segmented" : null,
	"worm_segments" : null,
	"worm_segments_distance" : null,
	"worm_segments_armor" : null,
	"lock_position" : null,
	"lock_ik_sprite" : null,
	"lock_distance" : 0,
	"knockback" : 1,
	"cs_onmobdeath" : "null",
	"spider_segments" : null,
	"object" : "objMob",
	"cs_onmobupdate" : "null",
	"can_be_damaged" : 1,
	"cs_onmobdraw" : "null",
	"weapons" : null,
	"shadow_data" : "13|11|31|17|4",
	"cast_shadow" : 1,
	"codex_unlockable" : 1,
	"codex_kills_required" : 50,
	"icon" : "sprNPCFlufflySnowRatIcon",
	"soul_loot" : "[[1533,1,1,1,\"db_item\"]]",
	"can_jump_over_everything" : 0,
	"miniboss" : 0,
	"does_water_sound" : 1,
	"is_critter" : 0,
	"shadow_x_offset" : 0,
	"targeted_by_summons" : 1,
	"loot_hard_difficulty" : null,
	"cs_onmobspawn" : "null",
}