{
	"id" : 156,
	"key" : "venomous_plant",
	"ai" : 163,
	"name" : "K_MOB_NAME_113",
	"hp" : 250,
	"body_damage" : 50,
	"height" : 0,
	"speed" : 0,
	"friction" : 10000,
	"knockback_immune" : 0,
	"boss" : 0,
	"collides" : 1,
	"flips" : 1,
	"flying" : 0,
	"sprite_idle" : "sprNPCVenomousPlantIdle",
	"sprite_run" : "sprNPCVenomousPlantIdle",
	"sprite_item_idle" : "sprNPCVenomousPlantIdle",
	"sprite_item_walk" : "sprNPCVenomousPlantIdle",
	"sprite_hand" : null,
	"sprite_gore" : "sprNPCVenomousPlantGore",
	"loot" : "[[4,1,2,4,\"db_item\"],[309,0.75,2,4,\"db_item\"],[894,1,1,2,\"db_item\"],[197,0.01,1,1,\"db_item_pool\"],[174,1,4,4,\"db_item\"],[173,1,1,100,\"db_item\"],[173,1,1,60,\"db_item\"],[349,0.01,1,1,\"db_item\"]]",
	"spawn_day" : null,
	"spawn_night" : 1,
	"is_spider" : 0,
	"sprite_leg_1" : null,
	"sprite_leg_2" : null,
	"sprite_leg_joint" : null,
	"sound_step" : null,
	"sound_hit" : 83,
	"sound_death" : 36,
	"sound_attack_1" : null,
	"sound_attack_2" : null,
	"sound_attack_3" : null,
	"sound_attack_4" : null,
	"does_step_sound" : 0,
	"mask_sprite" : "sprNPCVenomousPlantMask",
	"uses_weapon" : null,
	"attack_range" : null,
	"sprite_attack" : "sprNPCVenomousPlantAttack",
	"sprite_attack_walk" : "sprNPCVenomousPlantAttack",
	"light_radius" : 0,
	"ai_mod_1" : 8,
	"ai_mod_2" : 4,
	"ai_mod_3" : -17,
	"buffs" : null,
	"water_penalty" : 1,
	"sprite_extra_1" : null,
	"sprite_extra_2" : null,
	"sprite_extra_3" : null,
	"sprite_extra_4" : null,
	"damage" : 150,
	"custom_eye_candy_script" : null,
	"defense" : 12,
	"gd_points" : 8,
	"sprite_shadow" : "sprEntityShadowMedium",
	"light_color" : 0,
	"light_offset_x" : 0,
	"light_offset_y" : 0,
	"enraged_ai_script" : null,
	"enrages_at" : 0,
	"is_segmented" : 0,
	"worm_segments" : null,
	"worm_segments_distance" : null,
	"worm_segments_armor" : null,
	"lock_position" : null,
	"lock_ik_sprite" : null,
	"lock_distance" : 0,
	"knockback" : 1,
	"cs_onmobdeath" : "null",
	"spider_segments" : null,
	"object" : "objMob",
	"cs_onmobupdate" : "null",
	"can_be_damaged" : 1,
	"cs_onmobdraw" : "null",
	"weapons" : null,
	"shadow_data" : "4|6|19|14|4",
	"cast_shadow" : 1,
	"codex_unlockable" : 1,
	"codex_kills_required" : 50,
	"icon" : "sprNPCVenomousPlantIcon",
	"soul_loot" : "[[1587,1,1,1,\"db_item\"]]",
	"can_jump_over_everything" : 0,
	"miniboss" : 0,
	"does_water_sound" : 1,
	"is_critter" : 0,
	"shadow_x_offset" : 0,
	"targeted_by_summons" : 1,
	"loot_hard_difficulty" : null,
	"cs_onmobspawn" : "null",
}