{
	"id" : 82,
	"key" : "undertaker",
	"ai" : 84,
	"name" : "K_MOB_NAME_56",
	"hp" : 450,
	"body_damage" : 125,
	"height" : 0,
	"speed" : 65,
	"friction" : 40,
	"knockback_immune" : 0,
	"boss" : 0,
	"collides" : 1,
	"flips" : 1,
	"flying" : 0,
	"sprite_idle" : "sprNPCUndertakerIdle",
	"sprite_run" : "sprNPCUndertakerWalk",
	"sprite_item_idle" : "sprNPCUndertakerAttack01",
	"sprite_item_walk" : "sprNPCUndertakerAttack01",
	"sprite_hand" : "sprBaseSkeletonHand01",
	"sprite_gore" : "sprNPCUndertakerGore",
	"loot" : "[[374,1,1,2,\"db_item\"],[197,0.01,1,1,\"db_item_pool\"],[174,1,6,6,\"db_item\"],[173,1,49,100,\"db_item\"],[173,1,1,20,\"db_item\"],[296,0.01,1,1,\"db_item\"]]",
	"spawn_day" : null,
	"spawn_night" : 1,
	"is_spider" : 0,
	"sprite_leg_1" : null,
	"sprite_leg_2" : null,
	"sprite_leg_joint" : null,
	"sound_step" : null,
	"sound_hit" : 198,
	"sound_death" : 36,
	"sound_attack_1" : null,
	"sound_attack_2" : null,
	"sound_attack_3" : null,
	"sound_attack_4" : null,
	"does_step_sound" : 0,
	"mask_sprite" : "sprNPCUndertakerMask",
	"uses_weapon" : null,
	"attack_range" : null,
	"sprite_attack" : "sprNPCUndertakerAttack01",
	"sprite_attack_walk" : "sprNPCUndertakerAttack01",
	"light_radius" : 1.50,
	"ai_mod_1" : null,
	"ai_mod_2" : null,
	"ai_mod_3" : null,
	"buffs" : null,
	"water_penalty" : 1,
	"sprite_extra_1" : "sprNPCUndertakerAttack02",
	"sprite_extra_2" : null,
	"sprite_extra_3" : null,
	"sprite_extra_4" : null,
	"damage" : 125,
	"custom_eye_candy_script" : null,
	"defense" : 25,
	"gd_points" : 5,
	"sprite_shadow" : "sprEntityShadowMedium",
	"light_color" : 15466287,
	"light_offset_x" : 0,
	"light_offset_y" : 0,
	"enraged_ai_script" : null,
	"enrages_at" : 0,
	"is_segmented" : 0,
	"worm_segments" : null,
	"worm_segments_distance" : null,
	"worm_segments_armor" : null,
	"lock_position" : null,
	"lock_ik_sprite" : null,
	"lock_distance" : 0,
	"knockback" : 2,
	"cs_onmobdeath" : "null",
	"spider_segments" : null,
	"object" : "objMob",
	"cs_onmobupdate" : "null",
	"can_be_damaged" : 1,
	"cs_onmobdraw" : "null",
	"weapons" : null,
	"shadow_data" : "2|21|20|29|0",
	"cast_shadow" : 1,
	"codex_unlockable" : 1,
	"codex_kills_required" : 25,
	"icon" : "sprNPCUndertakerIcon",
	"soul_loot" : "[[1585,1,1,1,\"db_item\"]]",
	"can_jump_over_everything" : 0,
	"miniboss" : 0,
	"does_water_sound" : 1,
	"is_critter" : 0,
	"shadow_x_offset" : -2,
	"targeted_by_summons" : 1,
	"loot_hard_difficulty" : null,
	"cs_onmobspawn" : "null",
}