{
	"id" : 154,
	"key" : "tribe_02",
	"ai" : 160,
	"name" : "K_MOB_NAME_112",
	"hp" : 200,
	"body_damage" : 80,
	"height" : 0,
	"speed" : 88,
	"friction" : 40,
	"knockback_immune" : 0,
	"boss" : 0,
	"collides" : 1,
	"flips" : 1,
	"flying" : 0,
	"sprite_idle" : "sprNPCTribeIdle02",
	"sprite_run" : "sprNPCTribeWalk02",
	"sprite_item_idle" : null,
	"sprite_item_walk" : null,
	"sprite_hand" : "sprBasePlayerHand01",
	"sprite_gore" : "sprNPCTribeGore02",
	"loot" : "[[135,1,1,2,\"db_item\"],[4,1,2,3,\"db_item\"],[890,0.02,1,1,\"db_item\"],[190,0.25,1,1,\"db_item_pool\"],[197,0.01,1,1,\"db_item_pool\"],[174,1,4,4,\"db_item\"],[173,1,19,100,\"db_item\"],[173,1,1,80,\"db_item\"],[1163,0.01,1,1,\"db_item\"]]",
	"spawn_day" : null,
	"spawn_night" : 1,
	"is_spider" : 0,
	"sprite_leg_1" : null,
	"sprite_leg_2" : null,
	"sprite_leg_joint" : null,
	"sound_step" : null,
	"sound_hit" : 78,
	"sound_death" : 36,
	"sound_attack_1" : null,
	"sound_attack_2" : null,
	"sound_attack_3" : null,
	"sound_attack_4" : null,
	"does_step_sound" : 0,
	"mask_sprite" : "sprNPCTribeMask01",
	"uses_weapon" : 16,
	"attack_range" : 64,
	"sprite_attack" : "sprNPCTribeAttack02",
	"sprite_attack_walk" : "sprNPCTribeWalkAttack02",
	"light_radius" : 0,
	"ai_mod_1" : 1,
	"ai_mod_2" : null,
	"ai_mod_3" : null,
	"buffs" : null,
	"water_penalty" : 0.25,
	"sprite_extra_1" : null,
	"sprite_extra_2" : null,
	"sprite_extra_3" : null,
	"sprite_extra_4" : null,
	"damage" : 80,
	"custom_eye_candy_script" : null,
	"defense" : 4,
	"gd_points" : 12,
	"sprite_shadow" : "sprEntityShadowMedium",
	"light_color" : 0,
	"light_offset_x" : 0,
	"light_offset_y" : 0,
	"enraged_ai_script" : null,
	"enrages_at" : 0,
	"is_segmented" : null,
	"worm_segments" : null,
	"worm_segments_distance" : null,
	"worm_segments_armor" : null,
	"lock_position" : null,
	"lock_ik_sprite" : null,
	"lock_distance" : 0,
	"knockback" : 1,
	"cs_onmobdeath" : "null",
	"spider_segments" : null,
	"object" : "objMob",
	"cs_onmobupdate" : "null",
	"can_be_damaged" : 1,
	"cs_onmobdraw" : "null",
	"weapons" : [[890,100]],
	"shadow_data" : "-1|18|14|26|0",
	"cast_shadow" : 1,
	"codex_unlockable" : 1,
	"codex_kills_required" : 50,
	"icon" : "sprNPCTribeIcon02",
	"soul_loot" : "[[1579,1,1,1,\"db_item\"]]",
	"can_jump_over_everything" : 0,
	"miniboss" : 0,
	"does_water_sound" : 1,
	"is_critter" : 0,
	"shadow_x_offset" : 0,
	"targeted_by_summons" : 1,
	"loot_hard_difficulty" : null,
	"cs_onmobspawn" : "null",
}