{
	"id" : 87,
	"key" : "vampire",
	"ai" : 85,
	"name" : "K_MOB_NAME_61",
	"hp" : 850,
	"body_damage" : 130,
	"height" : 0,
	"speed" : 80,
	"friction" : 40,
	"knockback_immune" : 0,
	"boss" : 0,
	"collides" : 1,
	"flips" : 1,
	"flying" : 0,
	"sprite_idle" : "sprNPCVampireIdle",
	"sprite_run" : "sprNPCVampireWalk",
	"sprite_item_idle" : null,
	"sprite_item_walk" : null,
	"sprite_hand" : "sprEquipmentNoHand",
	"sprite_gore" : "sprNPCVampireGore",
	"loot" : "[[374,1,1,2,\"db_item\"],[389,0.01,1,1,\"db_recipe\"],[197,0.01,1,1,\"db_item_pool\"],[174,1,6,6,\"db_item\"],[173,1,39,100,\"db_item\"],[173,1,1,40,\"db_item\"],[1162,0.01,1,1,\"db_item\"]]",
	"spawn_day" : null,
	"spawn_night" : 1,
	"is_spider" : 0,
	"sprite_leg_1" : null,
	"sprite_leg_2" : null,
	"sprite_leg_joint" : null,
	"sound_step" : null,
	"sound_hit" : 204,
	"sound_death" : 36,
	"sound_attack_1" : null,
	"sound_attack_2" : null,
	"sound_attack_3" : null,
	"sound_attack_4" : null,
	"does_step_sound" : 0,
	"mask_sprite" : "sprNPCVampireMask",
	"uses_weapon" : null,
	"attack_range" : null,
	"sprite_attack" : "sprNPCVampireAttack01",
	"sprite_attack_walk" : "sprNPCVampireAttack01",
	"light_radius" : 0,
	"ai_mod_1" : null,
	"ai_mod_2" : null,
	"ai_mod_3" : null,
	"buffs" : null,
	"water_penalty" : 1,
	"sprite_extra_1" : "sprNPCVampireAttack02",
	"sprite_extra_2" : "sprNPCVampireTransform",
	"sprite_extra_3" : "sprNPCCritterBat",
	"sprite_extra_4" : "sprNPCVampireReTransform",
	"damage" : 130,
	"custom_eye_candy_script" : null,
	"defense" : 18,
	"gd_points" : 10,
	"sprite_shadow" : "sprEntityShadowMedium",
	"light_color" : 0,
	"light_offset_x" : 0,
	"light_offset_y" : 0,
	"enraged_ai_script" : null,
	"enrages_at" : 0,
	"is_segmented" : 0,
	"worm_segments" : null,
	"worm_segments_distance" : null,
	"worm_segments_armor" : null,
	"lock_position" : null,
	"lock_ik_sprite" : null,
	"lock_distance" : 0,
	"knockback" : 1,
	"cs_onmobdeath" : "null",
	"spider_segments" : null,
	"object" : "objMob",
	"cs_onmobupdate" : "null",
	"can_be_damaged" : 1,
	"cs_onmobdraw" : "null",
	"weapons" : null,
	"shadow_data" : "-1|14|14|22|0",
	"cast_shadow" : 1,
	"codex_unlockable" : 1,
	"codex_kills_required" : 25,
	"icon" : "sprNPCVampireIcon",
	"soul_loot" : "[[1586,1,1,1,\"db_item\"]]",
	"can_jump_over_everything" : 0,
	"miniboss" : 0,
	"does_water_sound" : 1,
	"is_critter" : 0,
	"shadow_x_offset" : 1,
	"targeted_by_summons" : 1,
	"loot_hard_difficulty" : null,
	"cs_onmobspawn" : "null",
}