{
	"id" : 29,
	"key" : "merman_01",
	"ai" : 206,
	"name" : "K_MOB_NAME_17",
	"hp" : 200,
	"body_damage" : 145,
	"height" : 0,
	"speed" : 120,
	"friction" : 40,
	"knockback_immune" : 0,
	"boss" : 0,
	"collides" : 1,
	"flips" : 1,
	"flying" : 0,
	"sprite_idle" : "sprNPCMermanIdle01",
	"sprite_run" : "sprNPCMermanRun01",
	"sprite_item_idle" : "sprNPCMermanAttack01",
	"sprite_item_walk" : "sprNPCMermanExtra01",
	"sprite_hand" : "sprBaseMermanHand",
	"sprite_gore" : "sprNPCMermanGore01",
	"loot" : "[[80,0.01,1,1,\"db_item\"],[183,0.03,1,1,\"db_item_pool\"],[197,0.01,1,1,\"db_item_pool\"],[579,1,1,1,\"db_item\"],[174,1,5,6,\"db_item\"],[1165,0.01,1,1,\"db_item\"]]",
	"spawn_day" : null,
	"spawn_night" : 1,
	"is_spider" : 0,
	"sprite_leg_1" : null,
	"sprite_leg_2" : null,
	"sprite_leg_joint" : null,
	"sound_step" : null,
	"sound_hit" : 71,
	"sound_death" : 36,
	"sound_attack_1" : null,
	"sound_attack_2" : null,
	"sound_attack_3" : null,
	"sound_attack_4" : null,
	"does_step_sound" : 0,
	"mask_sprite" : "sprNPCMermanMask",
	"uses_weapon" : 97,
	"attack_range" : 32,
	"sprite_attack" : "sprNPCMermanAttack01",
	"sprite_attack_walk" : "sprNPCMermanExtra01",
	"light_radius" : 0,
	"ai_mod_1" : null,
	"ai_mod_2" : null,
	"ai_mod_3" : null,
	"buffs" : [[35]],
	"water_penalty" : 0.25,
	"sprite_extra_1" : null,
	"sprite_extra_2" : null,
	"sprite_extra_3" : null,
	"sprite_extra_4" : null,
	"damage" : 145,
	"custom_eye_candy_script" : null,
	"defense" : 10,
	"gd_points" : 0,
	"sprite_shadow" : "sprEntityShadowMedium",
	"light_color" : 0,
	"light_offset_x" : 0,
	"light_offset_y" : 0,
	"enraged_ai_script" : null,
	"enrages_at" : 0,
	"is_segmented" : 0,
	"worm_segments" : null,
	"worm_segments_distance" : null,
	"worm_segments_armor" : null,
	"lock_position" : null,
	"lock_ik_sprite" : null,
	"lock_distance" : 0,
	"knockback" : 1,
	"cs_onmobdeath" : "null",
	"spider_segments" : null,
	"object" : "objMob",
	"cs_onmobupdate" : "null",
	"can_be_damaged" : 1,
	"cs_onmobdraw" : "null",
	"weapons" : null,
	"shadow_data" : "2|16|15|22|4",
	"cast_shadow" : 1,
	"codex_unlockable" : 1,
	"codex_kills_required" : 50,
	"icon" : "sprNPCMermanIcon01",
	"soul_loot" : "[[1547,1,1,1,\"db_item\"]]",
	"can_jump_over_everything" : 0,
	"miniboss" : 0,
	"does_water_sound" : 1,
	"is_critter" : 0,
	"shadow_x_offset" : -1,
	"targeted_by_summons" : 1,
	"loot_hard_difficulty" : null,
	"cs_onmobspawn" : "null",
}